<?xml version="1.0"?>
<persistence xmlns="http://java.sun.com/xml/ns/persistence" version="1.0">
	<persistence-unit name="JPAImplementationTest">
		<provider>org.apache.openjpa.persistence.PersistenceProviderImpl</provider>
		<class>entity.TitlesPK</class>
		<class>entity.Titles</class>
		<class>entity.SalariesPK</class>
		<class>entity.Salaries</class>
		<class>entity.Employees</class>
		<class>entity.DeptManagerPK</class>
		<class>entity.DeptManager</class>
		<class>entity.DeptEmpPK</class>
		<class>entity.DeptEmp</class>
		<class>entity.Departments</class>
		<exclude-unlisted-classes>false</exclude-unlisted-classes>
		<properties>
			<property name="openjpa.Log" value="DefaultLevel=WARN, Tool=INFO" />
			<property name="openjpa.ConnectionDriverName" value="com.mysql.jdbc.Driver" />
			<property name="openjpa.ConnectionURL" value="jdbc:mysql://localhost:3306/employees" />
			<property name="openjpa.ConnectionPassword" value="aassddff" />
			<property name="openjpa.ConnectionUserName" value="root" />
			
		</properties>
	</persistence-unit>
</persistence>