<?xml version="1.0" encoding="UTF-8"?>
<persistence version="1.0"
	xmlns="http://java.sun.com/xml/ns/persistence" xmlns:xsi="http://www.w3.org/2001/XMLSchema-instance"
	xsi:schemaLocation="http://java.sun.com/xml/ns/persistence http://java.sun.com/xml/ns/persistence/persistence_1_0.xsd">
	<persistence-unit name="JPAImplementationTest">
		<provider>org.eclipse.persistence.jpa.PersistenceProvider</provider>
		<class>entity.TitlesPK</class>
		<class>entity.Titles</class>
		<class>entity.SalariesPK</class>
		<class>entity.Salaries</class>
		<class>entity.Employees</class>
		<class>entity.DeptManagerPK</class>
		<class>entity.DeptManager</class>
		<class>entity.DeptEmpPK</class>
		<class>entity.DeptEmp</class>
		<class>entity.Departments</class>
		<properties>
			<property name="eclipselink.jdbc.driver" value="com.mysql.jdbc.Driver" />
			<property name="eclipselink.jdbc.url" value="jdbc:mysql://localhost:3306/employees" />
		<!-- I work in this example without user / password.-->
			<property name="eclipselink.jdbc.user" value="root" />
			<property name="eclipselink.jdbc.password" value="aassddff" />
		</properties>
	</persistence-unit>
</persistence>